Tm,Tr,Tc,Kernel Time,GFLOPS
9,8,8,17.461,7.68671485
9,6,8,17.464,7.685394411
10,7,7,17.499,7.670022744
9,8,6,17.51,7.66520434
6,6,8,17.528,7.657332725
6,8,8,17.533,7.655149033
6,7,8,17.554,7.645991113
9,4,8,17.574,7.637289632
6,8,6,17.585,7.632512255
9,8,4,17.623,7.616054474
6,5,8,17.633,7.611735269
6,8,7,17.633,7.611735269
10,6,8,17.642,7.607852171
8,6,6,17.651,7.603973033
6,4,8,17.653,7.603111539
10,8,6,17.658,7.600958659
6,8,5,17.669,7.596226612
6,6,4,17.724,7.57265448
6,4,6,17.725,7.57222725
6,8,4,17.756,7.559006984
7,6,8,17.772,7.552201666
9,4,4,17.776,7.55050225
11,5,8,17.799,7.540745435
7,8,6,17.819,7.532281722
7,7,7,17.827,7.528901554
8,6,8,17.905,7.496103211
7,7,8,17.929,7.486068827
8,8,8,17.943,7.480227833
6,4,4,17.956,7.474812208
8,7,6,17.993,7.459441338
7,6,7,17.995,7.458612281
8,8,6,17.998,7.457369041
9,7,7,18.031,7.443720703
8,4,6,18.049,7.436297191
8,6,7,18.049,7.436297191
11,6,8,18.068,7.428477308
7,8,7,18.104,7.4137057
7,7,6,18.115,7.409203864
8,6,4,18.121,7.406750621
11,7,8,18.133,7.401849005
9,7,8,18.178,7.38352558
4,6,8,18.198,7.375410924
10,8,8,18.209,7.370955462
9,8,7,18.228,7.363272328
4,8,6,18.238,7.359235004
64,8,8,18.242,7.357621313
10,7,6,18.253,7.353187312
10,7,8,18.26,7.350368456
61,8,8,18.26,7.350368456
11,8,8,18.283,7.341121698
59,8,8,18.283,7.341121698
63,8,8,18.285,7.340318731
10,6,7,18.288,7.339114611
60,8,8,18.288,7.339114611
11,8,5,18.293,7.337108621
10,6,6,18.321,7.325895311
10,8,7,18.321,7.325895311
4,6,6,18.325,7.324296207
62,8,8,18.334,7.320700775
47,8,8,18.347,7.315513599
10,4,6,18.354,7.312723548
10,6,4,18.361,7.309935624
10,4,8,18.366,7.307945552
5,6,8,18.38,7.302379108
64,7,8,18.392,7.297614615
5,7,8,18.394,7.296821137
5,8,8,18.404,7.292856336
40,8,8,18.406,7.292063892
10,4,7,18.409,7.29087555
58,8,8,18.417,7.28770853
5,8,6,18.42,7.286521607
46,8,8,18.42,7.286521607
43,8,8,18.431,7.282172861
10,8,4,18.437,7.279803005
44,8,8,18.443,7.277434691
8,5,6,18.446,7.276251111
41,8,8,18.452,7.273885107
5,8,7,18.459,7.271126713
64,8,6,18.46,7.270732828
6,7,7,18.464,7.269157712
39,8,8,18.482,7.26207813
61,7,8,18.482,7.26207813
8,6,5,18.484,7.261292361
10,7,4,18.484,7.261292361
45,8,8,18.493,7.257758503
59,6,8,18.493,7.257758503
42,8,8,18.494,7.257366065
64,6,8,18.506,7.25266011
60,6,8,18.507,7.252268223
59,8,6,18.51,7.251092815
8,7,7,18.514,7.249526196
64,4,8,18.52,7.247177538
11,8,6,18.521,7.246786243
12,4,8,18.523,7.246003779
59,4,8,18.529,7.243657402
61,4,8,18.531,7.242875614
61,6,8,18.536,7.240921882
59,7,8,18.54,7.239359655
62,6,8,18.543,7.238188427
63,6,8,18.548,7.236237222
11,8,7,18.55,7.235457035
60,7,8,18.551,7.235067004
7,5,7,18.552,7.234677016
48,8,8,18.561,7.23116901
61,8,6,18.563,7.230389915
63,7,8,18.563,7.230389915
58,4,8,18.571,7.227275214
62,7,8,18.572,7.226886065
62,4,8,18.577,7.224940948
60,8,6,18.579,7.224163195
57,8,8,18.589,7.220276938
9,6,6,18.601,7.215618945
63,4,8,18.601,7.215618945
58,7,8,18.604,7.214455386
62,8,6,18.611,7.211741873
58,6,8,18.613,7.210966959
63,8,6,18.615,7.210192211
60,4,8,18.628,7.205160404
64,5,8,18.629,7.204773633
12,6,8,18.631,7.204000215
64,8,7,18.636,7.202067396
61,8,7,18.639,7.200908203
6,6,6,18.651,7.19627516
11,7,7,18.657,7.193960873
5,4,7,18.674,7.187411803
59,8,7,18.677,7.186257322
50,8,8,18.694,7.179722264
58,8,6,18.694,7.179722264
8,7,8,18.699,7.177802449
60,8,7,18.703,7.176267337
63,8,7,18.714,7.172049161
5,7,4,18.721,7.169367448
7,5,8,18.724,7.168218757
7,8,8,18.726,7.167453167
45,7,8,18.726,7.167453167
62,8,7,18.733,7.164774889
7,7,5,18.735,7.164010035
63,5,8,18.737,7.163245343
57,4,8,18.741,7.161716451
44,7,8,18.755,7.156370461
8,5,8,18.763,7.153319192
48,7,8,18.764,7.152937966
56,4,8,18.764,7.152937966
47,7,8,18.769,7.151032447
58,8,7,18.771,7.150270524
45,6,8,18.772,7.149889623
41,7,8,18.774,7.149127943
46,7,8,18.777,7.147985727
8,8,7,18.778,7.14760507
57,6,8,18.779,7.147224453
43,7,8,18.781,7.146463341
51,7,8,18.783,7.14570239
62,5,8,18.787,7.144180976
59,5,8,18.79,7.143040341
40,7,8,18.791,7.14266021
64,4,7,18.792,7.142280119
58,5,8,18.793,7.141900069
60,6,6,18.799,7.139620618
64,7,6,18.804,7.137722187
51,8,8,18.805,7.137342622
7,4,8,18.81,7.135445401
61,5,8,18.813,7.134307553
64,6,6,18.813,7.134307553
48,6,8,18.815,7.133549189
64,7,7,18.815,7.133549189
49,8,8,18.816,7.133170068
52,8,8,18.816,7.133170068
63,8,4,18.818,7.132411946
55,8,8,18.819,7.132032945
56,8,8,18.819,7.132032945
60,5,8,18.821,7.131275065
60,7,6,18.824,7.130138547
39,7,8,18.827,7.12900239
53,4,8,18.829,7.128245154
11,6,7,18.831,7.127488078
40,6,8,18.835,7.125974409
7,8,4,18.836,7.125596093
42,7,8,18.837,7.125217816
7,8,5,18.838,7.12483958
43,6,8,18.838,7.12483958
38,8,8,18.84,7.124083227
47,6,8,18.842,7.123327035
57,7,8,18.842,7.123327035
39,6,8,18.849,7.120681628
53,8,8,18.85,7.120303873
49,4,8,18.854,7.118793253
48,4,8,18.855,7.118415699
42,6,8,18.856,7.118038184
12,5,8,18.857,7.11766071
61,7,7,18.857,7.11766071
8,8,5,18.863,7.115396703
54,4,8,18.863,7.115396703
44,6,8,18.864,7.115019508
46,6,8,18.866,7.114265239
59,6,6,18.87,7.112757181
43,4,8,18.871,7.112380266
52,4,8,18.873,7.111626556
55,4,8,18.873,7.111626556
50,7,8,18.88,7.108989831
64,8,4,18.884,7.107484008
64,4,6,18.889,7.105602626
9,5,8,18.89,7.105226469
41,6,8,18.892,7.104474275
50,6,8,18.893,7.104098237
62,6,6,18.893,7.104098237
46,4,8,18.895,7.103346282
49,7,8,18.895,7.103346282
51,4,8,18.898,7.102218647
56,6,8,18.898,7.102218647
52,6,8,18.903,7.100340052
59,7,7,18.909,7.098087048
11,7,6,18.914,7.096210638
47,4,8,18.917,7.095085267
59,8,4,18.918,7.094710223
62,7,6,18.918,7.094710223
63,7,7,18.919,7.094335219
49,6,8,18.924,7.092460791
50,4,8,18.925,7.092086024
60,4,6,18.925,7.092086024
51,6,8,18.932,7.089463765
59,7,6,18.933,7.089089315
63,7,6,18.934,7.088714904
10,5,8,18.935,7.088340533
44,4,8,18.937,7.08759191
54,8,8,18.938,7.087217658
63,6,6,18.94,7.086469271
12,8,8,18.941,7.086095138
34,8,8,18.943,7.085346988
64,6,7,18.943,7.085346988
53,6,8,18.945,7.084598997
62,7,7,18.949,7.083103488
9,6,4,18.95,7.08272971
62,8,4,18.95,7.08272971
55,6,8,18.952,7.081982271
56,7,8,18.955,7.080861409
60,6,7,18.956,7.080487867
62,4,6,18.96,7.078994093
9,4,6,18.962,7.078247442
9,7,6,18.962,7.078247442
9,8,5,18.963,7.077874176
59,6,7,18.963,7.077874176
53,7,8,18.982,7.07078959
61,8,4,18.986,7.069299905
10,8,5,18.989,7.068183053
54,6,8,18.991,7.067438681
58,6,6,18.991,7.067438681
60,7,7,18.992,7.067066554
61,6,6,18.993,7.066694466
61,7,6,18.993,7.066694466
11,5,7,18.995,7.065950408
33,8,8,19.001,7.063719173
63,4,6,19.001,7.063719173
57,5,8,19.004,7.062604083
45,4,8,19.006,7.061860886
59,4,6,19.008,7.061117845
7,4,7,19.012,7.059632232
42,4,8,19.014,7.05888966
52,7,8,19.014,7.05888966
44,8,7,19.015,7.058518433
59,4,7,19.02,7.056662881
39,4,8,19.021,7.056291888
40,4,8,19.027,7.054066747
60,8,4,19.028,7.053696027
60,4,7,19.033,7.05184301
58,4,7,19.035,7.051102075
61,4,6,19.04,7.04925042
9,6,7,19.041,7.048880206
12,7,8,19.046,7.047029718
58,4,6,19.048,7.046289794
63,6,7,19.057,7.042962061
62,4,7,19.058,7.042592507
61,6,7,19.063,7.040745318
11,5,6,19.066,7.03963747
7,4,5,19.069,7.03852997
58,7,6,19.07,7.038160881
45,8,7,19.071,7.037791831
7,5,4,19.074,7.036684911
52,5,8,19.078,7.035209561
37,8,8,19.08,7.034472117
55,7,8,19.084,7.032997694
57,8,6,19.086,7.032260715
11,6,5,19.091,7.030418941
38,6,8,19.093,7.029682501
58,6,7,19.094,7.02931434
62,6,7,19.097,7.028210085
61,4,7,19.102,7.026370432
38,7,8,19.105,7.025267103
63,4,7,19.112,7.022694014
58,7,7,19.114,7.021959192
43,8,7,19.117,7.020857247
47,5,8,19.119,7.02012281
54,7,8,19.12,7.019755649
36,8,8,19.126,7.017553487
41,8,7,19.128,7.016819741
12,6,6,19.129,7.016452925
56,5,8,19.129,7.016452925
51,5,8,19.131,7.015719408
64,8,5,19.131,7.015719408
35,8,8,19.136,7.013886288
58,8,4,19.148,7.009490704
12,4,6,19.149,7.009124654
41,4,8,19.149,7.009124654
33,7,8,19.151,7.008392669
11,4,8,19.158,7.005831924
40,8,7,19.158,7.005831924
9,4,5,19.162,7.004369481
53,5,8,19.166,7.002907649
9,5,4,19.168,7.002176962
11,7,5,19.168,7.002176962
64,4,5,19.172,7.000716044
39,8,7,19.173,7.00035091
46,5,8,19.176,6.999255736
42,8,7,19.178,6.998525811
54,5,8,19.178,6.998525811
57,8,7,19.179,6.998160905
64,7,4,19.188,6.994878466
48,5,8,19.192,6.993420592
56,8,6,19.194,6.992691883
63,6,4,19.195,6.992327585
45,5,8,19.202,6.989778565
46,8,7,19.203,6.989414571
64,5,7,19.206,6.988322816
49,5,8,19.208,6.987595169
32,7,8,19.213,6.985776714
40,8,6,19.219,6.983595817
64,5,6,19.221,6.982869154
47,8,7,19.224,6.981779442
55,5,8,19.225,6.981416281
46,8,6,19.226,6.981053157
34,7,8,19.227,6.980690071
47,8,6,19.227,6.980690071
40,5,8,19.23,6.97960104
49,8,6,19.232,6.978875208
32,8,8,19.235,6.977786743
50,5,8,19.235,6.977786743
8,5,7,19.237,6.977061288
12,4,7,19.238,6.976698617
36,4,8,19.239,6.976335984
52,8,7,19.242,6.975248311
44,5,8,19.244,6.974523384
8,7,5,19.247,6.973436276
43,5,8,19.249,6.972711725
35,7,8,19.25,6.972349506
39,5,8,19.255,6.970538977
63,8,5,19.256,6.970176984
48,8,6,19.263,6.967644085
45,8,6,19.266,6.96655912
44,8,6,19.267,6.96619754
64,6,4,19.267,6.96619754
48,8,7,19.276,6.962945009
33,4,8,19.282,6.960778342
37,4,8,19.282,6.960778342
54,8,6,19.286,6.959334647
41,5,8,19.287,6.958973817
50,8,7,19.287,6.958973817
42,5,8,19.289,6.958252268
57,4,6,19.289,6.958252268
62,5,7,19.29,6.95789155
60,7,4,19.291,6.957530869
41,8,6,19.292,6.957170226
52,8,6,19.292,6.957170226
61,8,5,19.292,6.957170226
42,8,6,19.298,6.955007151
37,6,8,19.299,6.954646769
39,8,6,19.302,6.953565848
49,8,7,19.305,6.952485263
38,4,8,19.306,6.952125142
35,6,8,19.309,6.951045005
60,8,5,19.309,6.951045005
31,4,8,19.31,6.950685034
34,4,8,19.31,6.950685034
62,6,4,19.313,6.949605344
43,8,6,19.315,6.948885736
32,6,8,19.319,6.947446969
60,5,6,19.321,6.946727809
60,6,4,19.321,6.946727809
50,8,6,19.323,6.946008798
31,6,8,19.324,6.945649348
56,8,7,19.324,6.945649348
57,4,7,19.325,6.945289935
34,6,8,19.328,6.944211921
63,7,4,19.328,6.944211921
59,7,4,19.341,6.939544388
62,7,4,19.342,6.939185606
61,5,7,19.344,6.938468156
33,6,8,19.345,6.938109486
57,6,6,19.345,6.938109486
61,5,6,19.348,6.937033699
30,4,8,19.353,6.935241461
30,6,8,19.353,6.935241461
53,8,7,19.358,6.93345015
55,8,7,19.359,6.933091999
59,8,5,19.365,6.930943868
61,6,4,19.365,6.930943868
64,6,5,19.366,6.930585975
7,7,4,19.367,6.93022812
11,4,7,19.368,6.929870302
60,5,7,19.368,6.929870302
37,7,8,19.373,6.928081763
53,4,7,19.373,6.928081763
40,6,6,19.379,6.925936736
32,4,8,19.384,6.924150227
51,8,7,19.384,6.924150227
62,8,5,19.384,6.924150227
48,4,6,19.385,6.923793036
52,4,7,19.385,6.923793036
64,7,5,19.385,6.923793036
35,4,8,19.39,6.922007633
13,4,8,19.396,6.919866364
36,6,8,19.398,6.919152902
50,4,6,19.398,6.919152902
36,7,8,19.4,6.918439588
51,8,6,19.402,6.91772642
56,4,7,19.402,6.91772642
59,5,7,19.404,6.917013399
57,6,7,19.405,6.916656944
62,5,6,19.405,6.916656944
61,7,4,19.407,6.915944144
55,8,6,19.408,6.915587799
9,5,5,19.409,6.915231491
56,6,6,19.411,6.914518984
57,7,6,19.412,6.914162786
31,7,8,19.414,6.9134505
53,7,7,19.417,6.912382345
58,6,4,19.418,6.912026367
64,4,4,19.419,6.911670426
44,6,6,19.42,6.911314521
46,4,7,19.42,6.911314521
11,4,6,19.421,6.910958653
55,4,7,19.422,6.910602822
11,4,5,19.423,6.910247027
53,8,6,19.423,6.910247027
63,4,4,19.426,6.909179862
52,6,6,19.427,6.908824214
54,8,7,19.427,6.908824214
58,7,4,19.428,6.908468602
38,5,8,19.43,6.907757488
9,5,6,19.436,6.905625026
9,7,5,19.438,6.904914497
29,4,8,19.438,6.904914497
48,4,7,19.438,6.904914497
53,4,6,19.44,6.904204115
59,5,6,19.443,6.903138816
62,7,5,19.443,6.903138816
52,4,6,19.444,6.902783789
62,4,5,19.446,6.902073846
47,6,6,19.448,6.901364048
50,4,7,19.45,6.900654396
54,4,6,19.452,6.89994489
48,6,6,19.456,6.898526316
58,5,7,19.458,6.897817247
60,4,4,19.462,6.896399548
58,8,5,19.463,6.896045214
9,5,7,19.464,6.895690917
51,4,7,19.47,6.893565896
54,6,6,19.47,6.893565896
12,6,4,19.471,6.893211854
31,8,8,19.472,6.892857847
59,6,4,19.473,6.892503877
63,4,5,19.475,6.891796046
63,5,6,19.477,6.891088361
30,7,8,19.478,6.890734572
58,5,6,19.479,6.89038082
60,6,5,19.48,6.890027105
11,6,6,19.484,6.888612605
58,4,5,19.484,6.888612605
9,6,5,19.486,6.887905573
45,4,6,19.487,6.887552112
41,4,7,19.488,6.887198686
63,5,7,19.491,6.886138628
47,4,7,19.494,6.885078896
56,4,6,19.494,6.885078896
29,7,8,19.497,6.88401949
45,6,6,19.499,6.883313401
61,4,4,19.501,6.882607456
45,6,7,19.502,6.882254538
57,7,7,19.503,6.881901656
46,6,6,19.506,6.880843228
28,4,8,19.509,6.879785125
40,4,6,19.511,6.879079904
44,4,7,19.511,6.879079904
49,7,7,19.512,6.878727347
47,4,6,19.514,6.878022343
49,4,6,19.514,6.878022343
53,6,6,19.517,6.876965107
46,6,7,19.522,6.87520377
47,6,7,19.522,6.87520377
49,4,7,19.523,6.874851611
8,4,8,19.528,6.873091356
29,6,8,19.53,6.872387506
54,4,7,19.531,6.872035636
44,6,7,19.534,6.87098024
51,6,6,19.534,6.87098024
48,6,7,19.535,6.870628513
55,6,7,19.537,6.869925168
63,6,5,19.537,6.869925168
39,4,7,19.538,6.869573549
52,6,7,19.539,6.869221966
52,7,7,19.539,6.869221966
41,6,6,19.54,6.86887042
60,4,5,19.541,6.868518909
44,4,6,19.542,6.868167434
53,6,7,19.542,6.868167434
5,7,7,19.543,6.867815995
61,6,5,19.543,6.867815995
51,4,6,19.544,6.867464593
59,4,4,19.549,6.865708118
46,4,6,19.55,6.865356931
62,6,5,19.552,6.864654664
62,4,4,19.554,6.863952542
42,6,6,19.555,6.863601534
42,4,6,19.556,6.863250562
56,6,7,19.557,6.862899627
45,4,7,19.559,6.862197863
43,4,6,19.563,6.860794766
49,6,6,19.563,6.860794766
43,6,6,19.566,6.859742819
13,6,8,19.568,6.859041701
54,7,7,19.576,6.85623866
40,6,7,19.584,6.853437908
50,6,6,19.586,6.852738078
55,4,6,19.593,6.850289797
57,8,4,19.594,6.849940186
50,7,7,19.596,6.84924107
55,6,6,19.596,6.84924107
61,7,5,19.599,6.848192663
54,6,7,19.6,6.847843265
12,6,7,19.602,6.847144577
43,7,7,19.602,6.847144577
60,7,5,19.602,6.847144577
43,4,7,19.603,6.846795286
8,4,7,19.604,6.846446031
38,8,7,19.605,6.846096812
58,6,5,19.605,6.846096812
45,8,5,19.607,6.84539848
40,7,7,19.61,6.844351249
51,6,7,19.61,6.844351249
44,7,7,19.612,6.843653274
46,7,7,19.614,6.84295544
61,4,5,19.617,6.841908957
48,7,7,19.619,6.841211479
49,6,7,19.619,6.841211479
50,6,7,19.619,6.841211479
8,8,4,19.622,6.840165528
39,6,7,19.624,6.839468406
55,7,6,19.625,6.839119898
46,7,6,19.628,6.838074587
59,4,5,19.629,6.837726221
47,7,6,19.631,6.837029596
42,8,4,19.632,6.836681337
39,6,6,19.633,6.836333113
59,6,5,19.633,6.836333113
43,6,7,19.637,6.834940571
36,5,8,19.638,6.834592525
56,7,6,19.639,6.834244513
32,5,8,19.64,6.833896538
52,7,6,19.64,6.833896538
40,8,5,19.641,6.833548597
12,8,6,19.646,6.831809427
55,7,7,19.648,6.831114007
39,7,7,19.653,6.829376075
37,5,8,19.654,6.829028595
51,7,7,19.654,6.829028595
42,6,7,19.656,6.82833374
8,7,4,19.659,6.827291724
43,7,6,19.662,6.826250025
45,7,6,19.665,6.825208645
12,8,7,19.666,6.824861589
12,4,5,19.669,6.823820631
33,5,8,19.671,6.823126836
59,7,5,19.676,6.821392966
47,8,4,19.679,6.820353067
57,5,6,19.679,6.820353067
53,7,6,19.685,6.818274219
44,8,5,19.688,6.81723527
48,7,6,19.689,6.816889024
63,7,5,19.689,6.816889024
47,8,5,19.691,6.816196638
35,5,8,19.692,6.815850498
58,4,4,19.693,6.815504392
51,7,6,19.694,6.815158322
43,8,5,19.699,6.813428499
47,7,7,19.699,6.813428499
39,4,6,19.7,6.81308264
41,6,7,19.7,6.81308264
39,8,5,19.703,6.812045272
49,7,6,19.703,6.812045272
57,4,5,19.709,6.809971485
41,7,7,19.711,6.809280503
54,7,6,19.711,6.809280503
27,4,8,19.712,6.808935065
44,7,6,19.713,6.808589662
41,4,6,19.717,6.807208399
41,7,6,19.718,6.806863171
45,8,4,19.718,6.806863171
11,5,4,19.72,6.806172819
64,5,4,19.722,6.805482608
48,8,5,19.724,6.804792537
50,7,6,19.724,6.804792537
46,8,4,19.725,6.804447554
45,7,7,19.726,6.804102606
11,4,4,19.735,6.800999645
42,8,5,19.737,6.800310483
64,5,5,19.738,6.799965954
34,5,8,19.74,6.799277001
11,7,4,19.744,6.797899514
8,4,4,19.745,6.797555229
11,6,4,19.746,6.797210979
57,5,7,19.746,6.797210979
4,7,8,19.747,6.796866765
43,8,4,19.752,6.795146213
13,5,8,19.753,6.794802207
30,8,8,19.753,6.794802207
12,7,7,19.755,6.7941143
42,7,6,19.755,6.7941143
40,4,7,19.766,6.7903333
41,8,5,19.769,6.789302848
4,4,8,19.772,6.788272709
56,5,7,19.774,6.787586123
38,8,6,19.776,6.786899676
42,7,7,19.782,6.784841169
58,7,5,19.782,6.784841169
38,4,6,19.784,6.784155277
44,8,4,19.785,6.783812383
40,8,4,19.787,6.783126699
57,4,4,19.788,6.782783909
24,6,8,19.79,6.782098434
56,8,4,19.794,6.780727897
4,8,8,19.797,6.779700359
63,5,4,19.8,6.778673131
30,5,8,19.809,6.775593316
31,5,8,19.81,6.775251287
56,7,7,19.817,6.772858051
24,4,8,19.818,6.772516298
49,8,4,19.825,6.770124994
5,6,6,19.828,6.769100666
40,7,6,19.83,6.768417953
25,4,8,19.836,6.766370639
28,6,8,19.839,6.765347447
55,4,5,19.84,6.765006452
4,8,7,19.841,6.764665491
57,6,4,19.848,6.762279726
26,4,8,19.849,6.76193904
37,8,7,19.851,6.76125777
39,7,6,19.854,6.760236124
32,4,7,19.856,6.759555197
39,8,4,19.856,6.759555197
57,8,5,19.859,6.758534065
7,5,6,19.86,6.758193756
42,4,7,19.86,6.758193756
54,5,6,19.864,6.756832863
50,4,5,19.865,6.756492726
51,5,7,19.865,6.756492726
7,6,5,19.867,6.755812553
52,5,7,19.88,6.751394769
62,5,4,19.881,6.751055178
48,8,4,19.882,6.750715622
6,6,5,19.889,6.748339685
50,8,4,19.889,6.748339685
53,5,6,19.891,6.747661153
46,8,5,19.892,6.747321938
43,5,6,19.898,6.745287366
52,8,4,19.903,6.743592825
53,8,4,19.907,6.742237806
56,4,4,19.908,6.741899136
57,6,5,19.908,6.741899136
6,5,6,19.911,6.740883331
38,4,7,19.916,6.739191002
56,5,6,19.918,6.738514309
44,5,7,19.921,6.737499523
27,8,8,19.923,6.736823169
55,8,4,19.924,6.736485043
38,6,6,19.927,6.735470869
32,8,6,19.928,6.735132878
49,5,7,19.928,6.735132878
4,8,4,19.933,6.733443436
54,5,7,19.935,6.732767896
45,5,6,19.938,6.73175484
12,5,4,19.945,6.729392229
32,4,6,19.947,6.728717501
53,4,5,19.947,6.728717501
55,5,7,19.947,6.728717501
50,5,6,19.949,6.728042909
57,7,4,19.949,6.728042909
40,5,6,19.953,6.726694131
55,5,6,19.953,6.726694131
29,5,8,19.954,6.726357021
53,4,4,19.959,6.724671978
34,4,7,19.96,6.72433507
34,8,6,19.96,6.72433507
61,5,5,19.962,6.723661357
6,4,7,19.963,6.72332455
45,5,7,19.963,6.72332455
23,4,8,19.965,6.722651039
25,6,8,19.965,6.722651039
40,5,7,19.965,6.722651039
12,7,4,19.966,6.722314334
47,5,7,19.966,6.722314334
54,8,4,19.97,6.720967852
60,5,5,19.971,6.720631315
4,4,6,19.973,6.719958344
33,8,6,19.973,6.719958344
11,8,4,19.979,6.717940237
56,4,5,19.979,6.717940237
50,5,7,19.98,6.717604004
54,4,5,19.98,6.717604004
6,7,4,19.981,6.717267804
53,5,7,19.982,6.716931638
49,5,6,19.983,6.716595506
50,4,4,19.983,6.716595506
52,5,6,19.983,6.716595506
35,8,7,19.987,6.715251313
45,6,5,19.987,6.715251313
26,6,8,19.988,6.714915349
48,5,7,19.988,6.714915349
48,5,6,19.992,6.713571829
43,6,5,19.993,6.713236033
54,4,4,19.994,6.71290027
44,5,6,19.995,6.712564541
42,6,4,19.998,6.711557556
51,4,4,19.999,6.711221961
45,4,5,20,6.7108864
46,5,7,20.004,6.709544491
36,8,6,20.005,6.709209098
4,5,7,20.006,6.708873738
60,5,4,20.007,6.708538412
62,5,5,20.009,6.707867859
4,6,4,20.01,6.707532634
46,5,6,20.011,6.707197441
29,8,8,20.012,6.706862283
38,6,7,20.012,6.706862283
47,4,4,20.013,6.706527157
40,6,5,20.014,6.706192066
26,7,8,20.015,6.705857007
56,6,4,20.017,6.705186991
27,6,8,20.018,6.704852033
51,5,6,20.018,6.704852033
35,4,6,20.021,6.70384736
37,8,6,20.034,6.699497255
51,8,4,20.034,6.699497255
58,5,4,20.035,6.699162865
4,7,5,20.037,6.698494186
36,4,7,20.038,6.698159896
52,4,5,20.041,6.697157228
37,4,7,20.043,6.696488949
33,4,6,20.048,6.694818835
48,4,5,20.048,6.694818835
22,4,8,20.049,6.694484912
63,5,5,20.049,6.694484912
41,8,4,20.052,6.693483343
49,8,5,20.052,6.693483343
48,6,5,20.055,6.692482074
37,4,6,20.056,6.692148385
46,6,5,20.059,6.691147515
7,6,6,20.062,6.690146944
44,6,5,20.064,6.689480064
33,4,7,20.065,6.689146673
12,5,7,20.066,6.688813316
35,4,7,20.066,6.688813316
41,5,7,20.067,6.688479992
25,7,8,20.069,6.687813444
44,7,5,20.07,6.687480219
54,6,4,20.07,6.687480219
43,4,5,20.071,6.687147028
45,7,5,20.071,6.687147028
12,7,6,20.074,6.686147654
51,8,5,20.074,6.686147654
33,8,7,20.082,6.683484115
45,4,4,20.082,6.683484115
51,4,5,20.084,6.682818562
56,6,5,20.084,6.682818562
47,5,6,20.085,6.682485835
43,5,7,20.087,6.681820481
44,4,4,20.088,6.681487853
49,4,5,20.093,6.679825213
12,4,4,20.099,6.677831136
48,4,4,20.101,6.677166708
31,8,6,20.103,6.676502413
13,7,8,20.104,6.676170314
29,4,7,20.107,6.675174218
57,7,5,20.108,6.674842252
59,5,4,20.108,6.674842252
53,6,5,20.111,6.673846552
48,6,4,20.113,6.673182917
40,4,5,20.115,6.672519413
41,4,4,20.118,6.671524406
36,4,6,20.121,6.670529695
34,4,6,20.122,6.670198191
37,6,6,20.123,6.66986672
50,6,5,20.129,6.667878583
40,7,5,20.13,6.667547342
39,5,7,20.135,6.665891631
43,4,4,20.135,6.665891631
32,6,7,20.136,6.665560588
35,8,6,20.14,6.664236743
47,4,5,20.141,6.663905864
39,5,6,20.142,6.663575017
42,5,6,20.146,6.662251961
43,7,5,20.146,6.662251961
10,5,6,20.15,6.660929429
44,6,4,20.15,6.660929429
46,6,4,20.15,6.660929429
33,6,6,20.152,6.66026836
36,8,7,20.152,6.66026836
55,6,5,20.154,6.659607423
32,8,7,20.158,6.658285941
59,5,5,20.16,6.657625397
49,4,4,20.162,6.656964984
12,5,6,20.166,6.65564455
47,6,5,20.166,6.65564455
47,6,4,20.168,6.65498453
56,7,4,20.169,6.654654569
50,6,4,20.173,6.653335052
30,4,6,20.177,6.652016058
50,8,5,20.177,6.652016058
28,7,8,20.178,6.651686391
44,4,5,20.179,6.651356757
52,8,5,20.18,6.651027156
56,8,5,20.181,6.650697587
61,5,4,20.183,6.650038547
47,7,5,20.184,6.649709076
55,4,4,20.184,6.649709076
53,6,4,20.185,6.649379638
46,7,4,20.186,6.649050233
32,6,6,20.188,6.64839152
52,6,5,20.188,6.64839152
10,7,5,20.191,6.647403695
12,8,4,20.192,6.647074485
45,7,4,20.192,6.647074485
51,6,4,20.193,6.646745308
38,7,6,20.197,6.645428925
46,4,5,20.2,6.64444198
10,5,7,20.201,6.644113064
40,6,4,20.204,6.64312651
23,6,8,20.205,6.642797723
41,7,5,20.205,6.642797723
52,4,4,20.207,6.642140248
12,8,5,20.212,6.64049713
52,6,4,20.213,6.640168604
54,6,5,20.213,6.640168604
36,6,6,20.214,6.639840111
31,4,6,20.215,6.63951165
10,6,5,20.217,6.638854825
53,7,4,20.218,6.638526462
34,6,7,20.219,6.63819813
42,5,7,20.219,6.63819813
45,6,4,20.219,6.63819813
43,6,4,20.22,6.637869832
42,6,5,20.224,6.636556962
27,7,8,20.228,6.635244611
35,6,6,20.228,6.635244611
37,6,7,20.23,6.634588631
51,6,5,20.233,6.633604903
13,8,8,20.237,6.632293719
39,7,5,20.24,6.631310672
33,6,7,20.246,6.629345451
49,6,5,20.25,6.628035951
42,4,5,20.251,6.627708656
52,7,4,20.251,6.627708656
38,8,5,20.252,6.627381394
55,7,4,20.252,6.627381394
33,7,7,20.254,6.626726968
6,6,7,20.256,6.62607267
58,5,5,20.256,6.62607267
47,7,4,20.258,6.625418501
38,7,7,20.26,6.624764462
53,8,5,20.263,6.623783645
26,5,8,20.273,6.620516352
56,7,5,20.274,6.6201898
30,4,7,20.275,6.61986328
41,5,6,20.276,6.619536792
48,7,5,20.277,6.619210337
34,6,6,20.28,6.618231164
41,6,5,20.282,6.617578543
55,6,4,20.282,6.617578543
30,6,7,20.283,6.61725228
43,7,4,20.283,6.61725228
46,4,4,20.283,6.61725228
24,5,8,20.285,6.616599852
49,6,4,20.285,6.616599852
49,7,4,20.285,6.616599852
51,7,4,20.286,6.616273686
55,8,5,20.287,6.615947553
38,5,6,20.288,6.615621451
35,7,7,20.289,6.615295382
35,6,7,20.295,6.61333964
48,7,4,20.295,6.61333964
50,7,4,20.3,6.611710739
34,8,7,20.301,6.611385055
29,4,6,20.305,6.61008264
36,7,7,20.306,6.609757116
54,8,5,20.307,6.609431625
27,5,8,20.309,6.608780738
6,7,6,20.312,6.607804647
57,5,4,20.312,6.607804647
24,8,8,20.313,6.607479348
28,8,8,20.314,6.607154081
24,7,8,20.317,6.606178471
42,7,5,20.321,6.604878106
39,6,5,20.323,6.604228116
31,6,7,20.326,6.60325337
39,4,5,20.326,6.60325337
40,4,4,20.326,6.60325337
31,4,7,20.333,6.600980082
52,7,5,20.333,6.600980082
41,7,4,20.34,6.598708358
44,7,4,20.343,6.597735241
30,8,6,20.345,6.597086655
42,7,4,20.347,6.596438197
30,6,6,20.35,6.595465749
46,7,5,20.352,6.59481761
49,7,5,20.355,6.59384564
38,6,5,20.361,6.591902559
38,5,7,20.362,6.591578823
38,4,4,20.363,6.59125512
35,7,6,20.365,6.590607808
5,6,7,20.369,6.589313565
36,6,7,20.372,6.588343216
41,6,4,20.372,6.588343216
37,7,7,20.376,6.587049863
19,4,8,20.383,6.584787715
15,4,8,20.387,6.583495757
55,7,5,20.389,6.582849968
31,6,6,20.39,6.582527121
51,7,5,20.39,6.582527121
27,4,7,20.393,6.58155877
33,7,6,20.394,6.58123605
34,7,6,20.397,6.580268079
20,4,8,20.398,6.579945485
53,7,5,20.398,6.579945485
21,4,8,20.4,6.579300392
54,7,5,20.404,6.578010586
32,7,7,20.405,6.577688214
42,4,4,20.411,6.575754642
14,4,8,20.412,6.575432491
39,6,4,20.42,6.572856415
39,4,4,20.421,6.572534548
12,6,5,20.425,6.571247393
25,5,8,20.426,6.570925683
5,7,6,20.432,6.568996085
57,5,5,20.44,6.566425049
54,7,4,20.441,6.566103811
38,4,5,20.446,6.564498093
37,5,7,20.449,6.563535038
28,5,8,20.45,6.563214083
14,6,8,20.451,6.562893159
52,5,5,20.451,6.562893159
56,5,5,20.458,6.560647571
34,7,7,20.461,6.559685646
41,4,5,20.468,6.557442251
36,7,6,20.48,6.5536
29,8,7,20.483,6.552640141
22,6,8,20.484,6.55232025
25,8,8,20.491,6.55008189
29,6,7,20.501,6.546886884
9,4,7,20.507,6.544971376
50,7,5,20.511,6.543694993
9,7,4,20.517,6.541781352
38,8,4,20.52,6.540824951
14,5,8,20.528,6.538275916
30,7,7,20.533,6.536683777
30,8,7,20.552,6.530640716
23,5,8,20.557,6.529052294
53,5,5,20.562,6.527464644
7,6,4,20.571,6.524608818
7,5,5,20.573,6.52397453
12,7,5,20.575,6.523340365
51,5,5,20.577,6.522706323
55,5,4,20.579,6.522072404
35,4,4,20.582,6.521121757
44,5,5,20.582,6.521121757
7,4,6,20.587,6.519537961
33,5,6,20.588,6.519221294
38,7,5,20.588,6.519221294
50,5,5,20.589,6.518904658
35,5,6,20.59,6.518588052
21,6,8,20.592,6.517954934
36,5,7,20.592,6.517954934
54,5,5,20.593,6.517638421
31,8,5,20.596,6.516689066
39,7,4,20.597,6.516372676
37,7,6,20.603,6.514474979
55,5,5,20.609,6.512578388
29,6,6,20.616,6.510367094
32,7,6,20.617,6.510051317
4,6,7,20.618,6.509735571
31,8,7,20.618,6.509735571
36,5,6,20.62,6.509104171
35,5,7,20.622,6.508472893
32,4,4,20.624,6.507841738
38,6,4,20.624,6.507841738
37,5,6,20.627,6.506895234
46,5,5,20.628,6.506579794
49,5,5,20.628,6.506579794
48,5,5,20.629,6.506264385
33,5,7,20.63,6.505949006
26,8,8,20.637,6.503742211
28,4,7,20.64,6.502796899
31,7,7,20.645,6.501221991
43,5,5,20.649,6.499962613
16,4,8,20.652,6.4990184
34,5,7,20.658,6.497130797
54,5,4,20.665,6.494929978
33,4,5,20.667,6.494301447
17,4,8,20.671,6.493044749
4,7,6,20.673,6.492416582
47,5,5,20.675,6.491788537
27,4,6,20.676,6.49147456
23,7,8,20.679,6.490532811
37,8,5,20.679,6.490532811
32,5,7,20.686,6.488336459
29,7,7,20.69,6.487082069
28,4,6,20.694,6.485828163
40,7,4,20.694,6.485828163
31,5,7,20.695,6.485514762
13,4,7,20.696,6.485201392
52,5,4,20.7,6.483948213
20,5,8,20.701,6.483634993
11,5,5,20.703,6.483008646
30,5,6,20.703,6.483008646
53,5,4,20.703,6.483008646
56,5,4,20.703,6.483008646
25,4,6,20.705,6.48238242
13,4,6,20.708,6.481443307
43,5,4,20.715,6.479253102
34,8,5,20.716,6.478940336
32,5,6,20.717,6.478627601
45,5,4,20.717,6.478627601
50,5,4,20.72,6.477689575
36,4,5,20.721,6.477376961
32,4,5,20.722,6.477064376
30,7,6,20.734,6.473315713
30,5,7,20.742,6.470819015
32,8,5,20.746,6.469571387
25,4,7,20.748,6.468947754
45,5,5,20.752,6.467700848
13,6,6,20.758,6.46583139
33,8,5,20.765,6.463651722
37,6,5,20.766,6.46334046
37,8,4,20.767,6.463029229
35,4,5,20.775,6.460540457
40,5,4,20.778,6.459607662
34,4,4,20.785,6.457432187
21,5,8,20.786,6.457121524
30,4,5,20.789,6.456189716
48,5,4,20.79,6.455879173
49,5,4,20.792,6.455258176
24,7,7,20.796,6.454016542
44,5,4,20.805,6.451224609
42,5,4,20.813,6.448744919
20,6,8,20.815,6.448125294
24,4,7,20.82,6.446576753
23,8,8,20.827,6.444410045
23,4,6,20.829,6.443791253
33,8,4,20.829,6.443791253
36,4,4,20.829,6.443791253
36,8,4,20.83,6.443481901
26,4,6,20.832,6.442863287
24,4,6,20.835,6.441935589
5,4,8,20.838,6.441008158
26,4,7,20.84,6.440390019
40,5,5,20.841,6.440080994
33,4,4,20.843,6.439463033
31,7,6,20.844,6.439154097
34,5,6,20.846,6.438536314
51,5,4,20.847,6.438227467
22,5,8,20.848,6.437918649
37,7,5,20.856,6.435449175
31,4,5,20.858,6.434832103
32,6,5,20.859,6.434523611
33,6,5,20.863,6.433289939
37,4,4,20.866,6.432364996
18,4,8,20.868,6.431748514
35,6,5,20.871,6.430824014
30,6,5,20.874,6.42989978
15,6,8,20.88,6.428052107
34,8,4,20.885,6.426513191
37,4,5,20.887,6.425897831
23,4,7,20.888,6.425590195
47,5,4,20.898,6.422515456
36,6,5,20.903,6.42097919
30,8,5,20.912,6.418215761
10,4,4,20.917,6.416681551
31,5,6,20.917,6.416681551
13,6,7,20.922,6.415148074
15,5,8,20.93,6.412696034
46,5,4,20.93,6.412696034
21,8,8,20.931,6.412389661
10,4,5,20.934,6.411470717
13,5,7,20.947,6.407491669
35,8,4,20.947,6.407491669
5,5,8,20.959,6.403823083
10,5,4,20.959,6.403823083
24,6,7,20.962,6.402906593
42,5,5,20.973,6.399548372
28,8,7,20.985,6.395888873
22,8,8,20.988,6.394974652
39,5,4,20.992,6.393756098
41,5,5,21.001,6.391016047
37,6,4,21.007,6.389190651
22,7,8,21.01,6.388278344
13,8,7,21.012,6.387670284
39,5,5,21.013,6.387366297
34,4,5,21.02,6.385239201
35,6,4,21.031,6.381899482
5,8,4,21.039,6.379472789
35,8,5,21.043,6.378260134
14,4,6,21.044,6.377957042
26,6,7,21.044,6.377957042
24,8,7,21.058,6.373716782
27,6,7,21.058,6.373716782
29,4,4,21.066,6.371296307
28,6,7,21.068,6.370691475
13,8,6,21.074,6.368877669
13,7,7,21.083,6.366158896
24,6,6,21.089,6.364347669
36,6,4,21.095,6.362537473
33,6,4,21.099,6.361331248
34,6,5,21.115,6.356510916
5,6,4,21.118,6.355607917
38,7,4,21.118,6.355607917
34,6,4,21.123,6.354103489
5,8,5,21.138,6.349594474
5,4,6,21.141,6.348693439
15,4,7,21.148,6.346592018
22,4,7,21.166,6.341194746
29,8,6,21.166,6.341194746
25,6,7,21.168,6.340595616
23,7,7,21.17,6.339996599
29,5,7,21.171,6.339697133
29,7,6,21.172,6.339397695
36,8,5,21.174,6.338798904
19,5,8,21.176,6.338200227
41,5,4,21.182,6.336404872
29,8,5,21.192,6.333414874
20,4,7,21.198,6.331622229
5,4,4,21.203,6.330129133
28,4,5,21.205,6.329532091
28,6,6,21.205,6.329532091
23,6,7,21.216,6.326250377
29,4,5,21.217,6.325952208
31,6,5,21.223,6.324163785
19,6,8,21.224,6.323865812
38,5,5,21.226,6.323269952
38,5,4,21.231,6.321780792
29,5,6,21.237,6.319994726
21,7,8,21.244,6.317912258
13,5,6,21.249,6.31642562
17,6,8,21.25,6.316128376
31,4,4,21.255,6.314642578
26,8,7,21.26,6.313157479
32,5,5,21.26,6.313157479
28,7,7,21.288,6.304853814
33,7,4,21.288,6.304853814
4,5,8,21.291,6.303965431
8,5,5,21.296,6.302485349
8,4,5,21.299,6.301597634
8,5,4,21.3,6.301301784
34,7,4,21.303,6.300414402
34,5,5,21.31,6.298344815
30,4,4,21.339,6.289785276
35,7,4,21.355,6.285072723
18,6,8,21.356,6.284778423
27,6,6,21.358,6.284189905
31,8,4,21.358,6.284189905
15,8,8,21.365,6.282130962
32,6,4,21.373,6.279779535
33,7,5,21.375,6.279191953
36,7,4,21.375,6.279191953
24,5,7,21.387,6.275668771
26,5,7,21.397,6.272735804
27,5,6,21.399,6.27214954
31,7,5,21.404,6.270684358
22,4,6,21.406,6.270098477
25,6,6,21.41,6.268927043
21,4,6,21.413,6.268048755
27,5,7,21.413,6.268048755
23,8,7,21.421,6.265707857
26,6,6,21.436,6.261323381
28,5,6,21.444,6.258987502
36,5,5,21.447,6.258111997
28,5,7,21.45,6.257236737
6,5,7,21.453,6.256361721
20,8,8,21.465,6.252864104
20,4,6,21.467,6.252281548
37,7,4,21.476,6.249661389
29,6,5,21.478,6.24907943
35,7,5,21.478,6.24907943
18,8,8,21.479,6.248788491
14,6,6,21.481,6.248206694
34,7,5,21.487,6.246461954
26,4,5,21.488,6.246171258
22,7,7,21.493,6.244718187
14,4,4,21.503,6.241814072
28,8,6,21.506,6.240943365
14,7,8,21.513,6.238912657
24,8,6,21.532,6.233407394
6,7,5,21.534,6.232828457
27,4,5,21.538,6.231670907
21,4,7,21.541,6.230803027
32,8,4,21.544,6.229935388
4,8,5,21.549,6.22848986
23,5,7,21.572,6.221849064
26,4,4,21.582,6.218966176
33,5,4,21.582,6.218966176
25,5,6,21.583,6.218678034
32,7,4,21.585,6.21810183
16,6,8,21.587,6.217525733
26,5,6,21.592,6.216085958
24,7,6,21.593,6.215798083
36,7,5,21.593,6.215798083
18,5,8,21.597,6.214646849
27,8,6,21.602,6.213208407
27,8,7,21.602,6.213208407
30,7,5,21.604,6.212633216
13,6,5,21.609,6.211195705
32,7,5,21.62,6.208035523
25,4,4,21.622,6.207461289
15,4,6,21.627,6.206026171
31,6,4,21.634,6.20401812
19,4,6,21.639,6.202584593
37,5,5,21.64,6.202297967
29,6,4,21.645,6.200865234
35,5,5,21.648,6.200005913
28,4,4,21.654,6.198287984
24,5,6,21.659,6.196857103
23,6,6,21.661,6.196284936
22,6,7,21.664,6.195426883
35,5,4,21.664,6.195426883
33,5,5,21.673,6.19285415
4,7,7,21.678,6.191425777
13,7,5,21.68,6.190854613
26,7,7,21.684,6.189712599
30,6,4,21.685,6.189427162
13,8,5,21.688,6.188571007
14,8,8,21.689,6.188285675
16,5,8,21.69,6.188000369
17,5,8,21.707,6.18315419
14,5,6,21.725,6.178031208
37,5,4,21.726,6.177746847
30,5,5,21.728,6.177178203
26,7,6,21.735,6.175188774
14,4,7,21.74,6.173768537
27,7,7,21.749,6.171213757
20,7,8,21.753,6.170078978
28,6,5,21.753,6.170078978
36,5,4,21.757,6.168944616
25,8,6,21.759,6.168377591
17,4,6,21.784,6.161298568
32,5,4,21.785,6.161015745
5,5,7,21.801,6.156494106
21,7,7,21.801,6.156494106
25,8,7,21.816,6.152261093
15,7,8,21.818,6.151697131
22,8,7,21.82,6.151133272
27,6,5,21.825,6.149724078
27,7,6,21.841,6.145218992
13,7,6,21.844,6.144375023
25,5,7,21.844,6.144375023
20,6,7,21.851,6.142406663
21,6,7,21.865,6.138473725
25,8,5,21.866,6.138192994
30,5,4,21.872,6.136509144
10,5,5,21.873,6.136228592
30,8,4,21.873,6.136228592
18,7,8,21.876,6.135387091
25,4,5,21.89,6.131463134
5,7,5,21.9,6.128663379
13,4,5,21.902,6.128103735
29,8,4,21.902,6.128103735
34,5,4,21.902,6.128103735
22,5,7,21.904,6.127544193
25,7,6,21.91,6.12586618
26,8,6,21.92,6.123071533
20,6,6,21.921,6.122792208
26,8,5,21.934,6.119163308
23,4,4,21.938,6.118047589
13,5,5,21.94,6.117489881
31,5,4,21.945,6.116096058
24,6,5,21.946,6.11581737
25,6,5,21.95,6.11470287
21,6,6,21.953,6.113867262
19,4,7,21.955,6.113310317
23,4,5,21.964,6.110805318
14,4,5,21.967,6.109970774
22,6,6,21.994,6.102470128
30,7,4,21.995,6.10219268
19,8,8,21.996,6.101915257
24,4,5,21.999,6.10108314
26,6,5,22.01,6.098033985
6,4,5,22.012,6.09747992
31,7,4,22.015,6.096649012
14,6,7,22.043,6.088904777
29,7,5,22.044,6.088628561
29,7,4,22.051,6.086695751
23,8,6,22.053,6.086143745
27,8,5,22.058,6.084764167
13,6,4,22.062,6.083660955
27,4,4,22.066,6.082558144
28,7,6,22.067,6.082282503
6,5,4,22.069,6.081731297
20,5,6,22.07,6.081455732
16,4,7,22.072,6.080904676
24,4,4,22.073,6.080629185
31,5,5,22.077,6.079527472
21,8,7,22.08,6.078701449
13,4,4,22.084,6.077600435
14,6,5,22.119,6.067983544
17,4,7,22.122,6.067160655
23,5,6,22.123,6.066886408
26,5,5,22.125,6.066337989
18,4,7,22.127,6.065789669
15,6,6,22.135,6.06359738
25,7,7,22.15,6.059491106
22,5,6,22.152,6.058944023
20,7,7,22.154,6.058397039
20,4,5,22.171,6.053751658
21,5,7,22.181,6.051022407
19,7,8,22.21,6.043121477
29,5,4,22.214,6.042033312
28,8,5,22.226,6.038771169
17,8,8,22.252,6.031715262
29,5,5,22.256,6.030631201
24,6,4,22.257,6.030360246
4,5,6,22.275,6.025487228
18,4,6,22.282,6.023594291
20,5,7,22.285,6.022783397
23,7,6,22.287,6.022242922
15,6,7,22.292,6.020892159
24,5,5,22.294,6.020352023
21,4,5,22.313,6.015225564
28,5,5,22.328,6.011184522
20,4,4,22.337,6.008762502
13,8,4,22.34,6.007955595
19,6,7,22.356,6.003655752
28,5,4,22.359,6.002850217
24,7,5,22.365,6.001239794
25,6,4,22.367,6.000703179
4,6,5,22.371,5.999630236
26,6,4,22.38,5.997217516
18,6,7,22.383,5.996413707
14,5,7,22.386,5.995610113
22,4,5,22.388,5.995074504
22,4,4,22.391,5.99427127
28,6,4,22.398,5.992397893
17,6,7,22.409,5.989456379
14,6,4,22.456,5.976920556
16,7,8,22.456,5.976920556
16,4,6,22.466,5.974260126
22,7,6,22.479,5.970805107
23,6,5,22.485,5.96921183
23,6,4,22.492,5.967354081
17,7,8,22.495,5.966558257
15,5,7,22.511,5.962317445
7,4,4,22.538,5.955174727
19,6,6,22.559,5.949631101
19,5,6,22.566,5.947785518
28,8,4,22.579,5.944361043
12,5,5,22.601,5.938574753
19,4,5,22.605,5.937523911
21,5,6,22.607,5.936998629
27,6,4,22.609,5.93647344
17,5,7,22.611,5.935948344
25,5,5,22.624,5.932537482
27,5,5,22.635,5.929654429
17,6,6,22.639,5.928606741
5,5,5,22.645,5.927035902
26,7,5,22.652,5.925204309
22,6,5,22.653,5.924942745
16,5,7,22.656,5.924158192
18,4,5,22.664,5.922067067
20,6,5,22.666,5.921544516
17,4,4,22.682,5.917367428
19,4,4,22.693,5.914499097
24,8,4,22.698,5.913196229
26,5,4,22.699,5.912935724
20,8,6,22.711,5.909811457
23,7,5,22.721,5.907210422
13,7,4,22.738,5.902793913
21,8,6,22.745,5.90097727
20,7,6,22.756,5.898124802
19,5,7,22.774,5.893463072
15,5,6,22.792,5.888808705
28,7,5,22.798,5.887258882
27,7,5,22.839,5.876690223
21,6,4,22.852,5.873347103
16,6,6,22.855,5.872576154
20,8,7,22.864,5.870264521
16,4,5,22.879,5.86641584
16,8,8,22.897,5.861804079
23,5,5,22.9,5.861036157
14,8,7,22.915,5.857199564
27,5,4,22.919,5.85617732
17,5,6,22.92,5.855921815
28,7,4,22.924,5.854900017
14,7,6,22.936,5.851836763
15,8,6,22.952,5.847757407
14,8,6,22.971,5.842920552
22,8,6,22.973,5.842411875
19,6,5,22.975,5.841903286
16,6,7,22.992,5.837583855
24,5,4,22.999,5.835807122
13,5,4,23.003,5.834792331
18,6,6,23.01,5.833017297
18,5,7,23.033,5.827192637
14,5,4,23.043,5.824663802
21,6,5,23.048,5.823400208
24,7,4,23.056,5.821379598
24,8,5,23.063,5.819612713
15,7,6,23.068,5.818351309
22,5,5,23.086,5.81381478
15,6,5,23.087,5.813562958
25,5,4,23.1,5.810291255
22,7,5,23.106,5.808782481
23,5,4,23.108,5.80827973
19,8,7,23.128,5.803257004
25,7,4,23.128,5.803257004
18,5,6,23.132,5.802253502
4,4,7,23.135,5.801501102
21,4,4,23.137,5.800999611
22,6,4,23.155,5.796490089
15,4,5,23.161,5.794988472
18,7,7,23.19,5.787741613
20,6,4,23.192,5.787242497
15,5,5,23.197,5.785995086
16,4,4,23.21,5.78275433
4,7,4,23.218,5.780761823
23,8,5,23.22,5.78026391
27,7,4,23.235,5.7765323
14,7,5,23.263,5.769579504
15,8,7,23.278,5.765861672
14,7,7,23.284,5.76437588
16,5,6,23.298,5.76091201
17,4,5,23.3,5.760417511
27,8,4,23.305,5.759181635
25,7,5,23.314,5.756958394
25,8,4,23.315,5.756711473
4,4,5,23.32,5.755477187
4,5,4,23.33,5.753010201
26,7,4,23.35,5.74808257
21,7,6,23.356,5.746605926
19,7,7,23.365,5.744392382
19,6,4,23.395,5.737026202
21,5,4,23.408,5.733840055
18,7,6,23.433,5.727722784
18,8,7,23.456,5.722106412
15,6,4,23.478,5.716744527
15,7,7,23.489,5.714067351
19,8,6,23.517,5.707264022
14,8,5,23.521,5.70629344
17,6,5,23.527,5.704838186
5,5,6,23.55,5.699266582
15,4,4,23.567,5.695155429
26,8,4,23.59,5.689602713
17,7,7,23.594,5.688638128
18,6,5,23.601,5.686950892
5,6,5,23.608,5.685264656
16,6,5,23.624,5.681414155
17,6,4,23.632,5.67949086
14,5,5,23.634,5.679010239
20,5,4,23.635,5.67876996
19,7,6,23.662,5.672290085
16,8,7,23.665,5.671571012
23,7,4,23.668,5.670852121
21,8,4,23.675,5.669175417
23,8,4,23.678,5.668457133
17,7,6,23.688,5.666064168
15,8,5,23.698,5.663673221
22,5,4,23.706,5.661761917
20,5,5,23.74,5.653653243
17,8,7,23.75,5.651272758
19,5,5,23.755,5.650083267
16,8,6,23.757,5.64960761
18,8,6,23.759,5.649132034
22,8,5,23.769,5.646755354
17,5,5,23.771,5.646280257
21,5,5,23.802,5.638926477
6,5,5,23.827,5.633009947
18,4,4,23.827,5.633009947
22,7,4,23.859,5.625454881
19,8,5,23.878,5.620978641
19,7,5,23.888,5.618625586
16,7,6,23.891,5.617920054
14,8,4,23.926,5.609701914
17,8,6,23.942,5.605953053
16,7,7,24.007,5.590774691
20,7,5,24.018,5.588214173
18,5,4,24.026,5.58635345
19,5,4,24.034,5.584493967
21,8,5,24.047,5.581474945
18,6,4,24.053,5.580082651
16,5,5,24.096,5.570124834
15,7,4,24.098,5.569662545
20,8,5,24.117,5.56527462
14,7,4,24.158,5.555829456
15,7,5,24.162,5.554909693
22,8,4,24.193,5.547791841
21,7,4,24.213,5.54320935
18,5,5,24.215,5.542751518
21,7,5,24.405,5.49959959
16,6,4,24.451,5.489253118
16,5,4,24.456,5.488130847
20,7,4,24.468,5.485439268
17,7,5,24.526,5.472467096
15,8,4,24.541,5.469122204
15,5,4,24.677,5.438980751
20,8,4,24.691,5.435896805
18,7,4,24.692,5.435676656
17,5,4,24.751,5.422719405
18,8,5,24.779,5.416591791
16,7,5,24.8,5.412005161
18,7,5,24.835,5.404378015
19,8,4,24.858,5.399377585
17,7,4,24.946,5.380330634
18,8,4,24.983,5.372362326
16,8,5,25.174,5.331601176
16,8,4,25.222,5.321454603
16,7,4,25.314,5.302114561
19,7,4,25.356,5.293332071
17,8,5,25.496,5.264266081
17,8,4,25.631,5.236538879
5,5,4,26.368,5.090174757
5,4,5,26.37,5.089788699
4,4,4,26.398,5.08439003
4,5,5,28.006,4.792463329
